,Season,Team,Player,Direction,Method
1,2016,Brisbane,Jack Frost,Ins,trade
2,2016,Carlton,Billie Smedts,Ins,trade
3,2016,Carlton,Caleb Marchbank,Ins,trade
4,2016,Carlton,Jarrod Pickett,Ins,trade
5,2016,Carlton,Rhys Palmer,Ins,trade
6,2016,Collingwood,Daniel Wells,Ins,free
7,2016,Collingwood,Chris Mayne,Ins,free
8,2016,Collingwood,Will Hoskin-Elliott,Ins,trade
9,2016,Essendon,James Stewart,Ins,trade
10,2016,Essendon,Josh Green,Ins,free
11,2016,Fremantle,Cam McCarthy,Ins,trade
12,2016,Fremantle,Brad Hill,Ins,trade
13,2016,Fremantle,Joel Hamling,Ins,trade
14,2016,Fremantle,Shane Kersten,Ins,trade
15,2016,Geelong,Zach Tuohy,Ins,trade
16,2016,Geelong,Aaron Black,Ins,trade
17,2016,Gold Coast,Pearce Hanley,Ins,trade
18,2016,Gold Coast,Jarrod Witts,Ins,trade
19,2016,Gold Coast,Jarryd Lyons,Ins,trade
20,2016,Gold Coast,Michael Barlow,Ins,free
21,2016,GWS Giants,Brett Deledio,Ins,trade
22,2016,Hawthorn,Tyrone Vickery,Ins,free
23,2016,Hawthorn,Tom Mitchell,Ins,trade
24,2016,Hawthorn,Jaeger O’Meara,Ins,trade
25,2016,Hawthorn,Ricky Henderson,Ins,free
26,2016,Melbourne,Jordan Lewis,Ins,trade
27,2016,Melbourne,Michael Hibberd,Ins,trade
28,2016,Melbourne,Pat McKenna,Ins,trade
29,2016,North Melbourne,Paul Ahern,Ins,trade
30,2016,North Melbourne,Nathan Hrovat,Ins,trade
31,2016,North Melbourne,Marley Williams,Ins,trade
32,2016,Richmond,Dion Prestia,Ins,trade
33,2016,Richmond,Toby Nankervis,Ins,trade
34,2016,Richmond,Josh Caddy,Ins,trade
35,2016,St Kilda,Jack Steele,Ins,trade
36,2016,St Kilda,Nathan Brown,Ins,free
37,2016,St Kilda,Koby Stevens,Ins,trade
38,2016,West Coast,Sam Mitchell,Ins,trade
39,2016,West Coast,Nathan Vardy,Ins,trade
40,2016,Western Bulldogs,Travis Cloke,Ins,trade
41,2016,Adelaide,Matthew Jaensch,Outs,ret
42,2016,Adelaide,Luke Lowden,Outs,del
43,2016,Adelaide,Keenan Ramsey,Outs,del
44,2016,Adelaide,Nathan van Berlo,Outs,ret
45,2016,Adelaide,Jarryd Lyons,Outs,trade
46,2016,Adelaide,Ricky Henderson,Outs,del
47,2016,Adelaide,Mitch Grigg,Outs,del
48,2016,Adelaide,Sam Shaw,Outs,ret
49,2016,Brisbane,Hugh Beasley,Outs,del
50,2016,Brisbane,Justin Clarke,Outs,ret
51,2016,Brisbane,Billy Evans,Outs,del
52,2016,Brisbane,Josh McGuinness,Outs,del
53,2016,Brisbane,Daniel Merrett,Outs,ret
54,2016,Brisbane,Jackson Paine,Outs,del
55,2016,Brisbane,Josh Watts,Outs,del
56,2016,Brisbane,Trent West,Outs,ret
57,2016,Brisbane,Pearce Hanley,Outs,trade
58,2016,Brisbane,Josh Green,Outs,del
59,2016,Brisbane,Jaden McGrath,Outs,ret
60,2016,Carlton,Matthew Dick,Outs,del
61,2016,Carlton,Jayden Foster,Outs,del
62,2016,Carlton,Michael Jamison,Outs,ret
63,2016,Carlton,Clem Smith,Outs,del
64,2016,Carlton,Andrew Walker,Outs,ret
65,2016,Carlton,Cameron Wood,Outs,ret
66,2016,Carlton,Zach Tuohy,Outs,trade
67,2016,Carlton,Andrejs Everitt,Outs,del
68,2016,Carlton,Dillon Viojo-Rainbow,Outs,del
69,2016,Carlton,Jason Tutt,Outs,del
70,2016,Carlton,Mark Whiley,Outs,del
71,2016,Carlton,Andrew Gallucci,Outs,del
72,2016,Carlton,Billy Gowers,Outs,del
73,2016,Collingwood,Tim Golds,Outs,del
74,2016,Collingwood,Matthew Goodyear,Outs,del
75,2016,Collingwood,Brent Macaffer,Outs,ret
76,2016,Collingwood,Dane Swan,Outs,ret
77,2016,Collingwood,Alan Toovey,Outs,ret
78,2016,Collingwood,Darrean Wyatt,Outs,del
79,2016,Collingwood,Nathan Brown,Outs,free
80,2016,Collingwood,Jarrod Witts,Outs,trade
81,2016,Collingwood,Travis Cloke,Outs,trade
82,2016,Collingwood,Marley Williams,Outs,trade
83,2016,Collingwood,Jack Frost,Outs,trade
84,2016,Collingwood,Corey Gault,Outs,ret
85,2016,Collingwood,Jonathan Marsh,Outs,ret
86,2016,Essendon,Jason Ashby,Outs,del
87,2016,Essendon,Adam Cooney,Outs,ret
88,2016,Essendon,Ryan Crowley,Outs,del
89,2016,Essendon,Shaun Edwards,Outs,del
90,2016,Essendon,Nathan Grima,Outs,del
91,2016,Essendon,Sam Grimley,Outs,del
92,2016,Essendon,James Gwilt,Outs,del
93,2016,Essendon,Mark Jamar,Outs,del
94,2016,Essendon,Sam Michael,Outs,del
95,2016,Essendon,Tayte Pears,Outs,ret
96,2016,Essendon,James Polkinghorne,Outs,del
97,2016,Essendon,Jonathan Simpkin,Outs,del
98,2016,Essendon,Mathew Stokes,Outs,ret
99,2016,Essendon,Tom Wallis,Outs,del
100,2016,Essendon,Michael Hibberd,Outs,trade
101,2016,Essendon,Nick Kommer,Outs,del
102,2016,Essendon,Yestin Eades,Outs,del
103,2016,Essendon,Courtenay Dempsey,Outs,del
104,2016,Essendon,Will Hams,Outs,del
105,2016,Essendon,Gach Nyuon,Outs,del
106,2016,Fremantle,Matt de Boer,Outs,del
107,2016,Fremantle,Josh Deluca,Outs,del
108,2016,Fremantle,Brady Grey,Outs,del
109,2016,Fremantle,Jack Hannath,Outs,del
110,2016,Fremantle,Sean Hurley,Outs,del
111,2016,Fremantle,Anthony Morabito,Outs,del
112,2016,Fremantle,Tendai Mzungu,Outs,del
113,2016,Fremantle,Matthew Pavlich,Outs,ret
114,2016,Fremantle,Clancee Pearce,Outs,del
115,2016,Fremantle,Tanner Smith,Outs,del
116,2016,Fremantle,Chris Mayne,Outs,free
117,2016,Fremantle,Michael Barlow,Outs,del
118,2016,Fremantle,Alex Silvagni,Outs,del
119,2016,Geelong,Zac Bates,Outs,del
120,2016,Geelong,Jock Cornell,Outs,del
121,2016,Geelong,Cameron Delaney,Outs,del
122,2016,Geelong,Corey Enright,Outs,ret
123,2016,Geelong,Padraig Lucey,Outs,del
124,2016,Geelong,Tom Read,Outs,del
125,2016,Geelong,Jimmy Bartel,Outs,ret
126,2016,Geelong,Billie Smedts,Outs,trade
127,2016,Geelong,Shane Kersten,Outs,trade
128,2016,Geelong,Josh Caddy,Outs,trade
129,2016,Geelong,Nathan Vardy,Outs,trade
130,2016,Geelong,Mitch Clark,Outs,del
131,2016,Geelong,Michael Luxford,Outs,del
132,2016,Gold Coast,Tom Keough,Outs,del
133,2016,Gold Coast,Luke Russell,Outs,del
134,2016,Gold Coast,Danny Stanley,Outs,del
135,2016,Gold Coast,Seb Tape,Outs,del
136,2016,Gold Coast,Dion Prestia,Outs,trade
137,2016,Gold Coast,Jaeger O’Meara,Outs,trade
138,2016,Gold Coast,Nick Malceski,Outs,ret
139,2016,Gold Coast,Jarrod Garlett,Outs,del
140,2016,GWS Giants,Cam McCarthy,Outs,trade
141,2016,GWS Giants,Joel Patfull,Outs,ret
142,2016,GWS Giants,Jack Steele,Outs,trade
143,2016,GWS Giants,Paul Ahern,Outs,trade
144,2016,GWS Giants,Pat McKenna,Outs,trade
145,2016,GWS Giants,James Stewart,Outs,trade
146,2016,GWS Giants,Will Hoskin-Elliott,Outs,trade
147,2016,GWS Giants,Caleb Marchbank,Outs,trade
148,2016,GWS Giants,Jarrod Pickett,Outs,trade
149,2016,GWS Giants,Rhys Palmer,Outs,trade
150,2016,GWS Giants,Jake Barrett,Outs,del
151,2016,Hawthorn,Shem-Kalvin Tatupu,Outs,ret
152,2016,Hawthorn,Brad Hill,Outs,trade
153,2016,Hawthorn,Sam Mitchell,Outs,trade
154,2016,Hawthorn,Jordan Lewis,Outs,trade
155,2016,Hawthorn,Jack Fitzpatrick,Outs,del
156,2016,Hawthorn,Angus Litherland,Outs,del
157,2016,Hawthorn,Matt Spangher,Outs,del
158,2016,Hawthorn,Zac Webster,Outs,del
159,2016,Hawthorn,Lachlan Langford,Outs,del
160,2016,Hawthorn,Jermaine Miller-Lewis,Outs,del
161,2016,Hawthorn,Alex Woodward,Outs,del
162,2016,Hawthorn,Shem Tatupu,Outs,del
163,2016,Melbourne,Jack Grimes,Outs,del
164,2016,Melbourne,Matt Jones,Outs,del
165,2016,Melbourne,Dean Terlich,Outs,del
166,2016,Melbourne,Chris Dawes,Outs,del
167,2016,Melbourne,Ben Newton,Outs,del
168,2016,Melbourne,Viv Michie,Outs,del
169,2016,Melbourne,Max King,Outs,del
170,2016,North Melbourne,Nick Dal Santo,Outs,del
171,2016,North Melbourne,Michael Firrito,Outs,ret
172,2016,North Melbourne,Brent Harvey,Outs,ret
173,2016,North Melbourne,Robin Nahas,Outs,del
174,2016,North Melbourne,Drew Petrie,Outs,del
175,2016,North Melbourne,Farren Ray,Outs,ret
176,2016,North Melbourne,Daniel Wells,Outs,free
177,2016,North Melbourne,Aaron Black,Outs,trade
178,2016,North Melbourne,Brad McKenzie,Outs,del
179,2016,North Melbourne,Joel Tippett,Outs,del
180,2016,Port Adelaide,John Butcher,Outs,del
181,2016,Port Adelaide,Alipate Carlile,Outs,ret
182,2016,Port Adelaide,Sam Colquhoun,Outs,del
183,2016,Port Adelaide,Kane Mitchell,Outs,del
184,2016,Port Adelaide,Jay Schulz,Outs,del
185,2016,Port Adelaide,Paul Stewart,Outs,del
186,2016,Port Adelaide,Cam O’Shea,Outs,del
187,2016,Richmond,Troy Chaplin,Outs,ret
188,2016,Richmond,Adam Marcon,Outs,del
189,2016,Richmond,Liam McBean,Outs,del
190,2016,Richmond,Reece McKenzie,Outs,ret
191,2016,Richmond,Tyrone Vickery,Outs,free
192,2016,Richmond,Brett Deledio,Outs,trade
193,2016,St Kilda,Tom Curren,Outs,del
194,2016,St Kilda,Luke Delaney,Outs,del
195,2016,St Kilda,Brenton Payne,Outs,del
196,2016,St Kilda,Josh Saunders,Outs,del
197,2016,St Kilda,Cameron Shenton,Outs,del
198,2016,St Kilda,Brodie Murdoch,Outs,del
199,2016,St Kilda,Tom Lee,Outs,del
200,2016,St Kilda,Eli Templeton,Outs,del
201,2016,St Kilda,Sam Fisher,Outs,ret
202,2016,Sydney,Tom Derickx,Outs,ret
203,2016,Sydney,Kyle Galloway,Outs,del
204,2016,Sydney,Ben McGlynn,Outs,ret
205,2016,Sydney,Ted Richards,Outs,ret
206,2016,Sydney,Tom Mitchell,Outs,trade
207,2016,Sydney,Toby Nankervis,Outs,trade
208,2016,Sydney,Xavier Richards,Outs,del
209,2016,Sydney,Jack Hiscox,Outs,del
210,2016,Sydney,Abaina Davis,Outs,del
211,2016,West Coast,Corey Adamson,Outs,del
212,2016,West Coast,Jamie Bennell,Outs,ret
213,2016,West Coast,Damien Cavka,Outs,ret
214,2016,West Coast,Brant Colledge,Outs,del
215,2016,West Coast,Xavier Ellis,Outs,ret
216,2016,West Coast,Kane Lucas,Outs,del
217,2016,West Coast,Patrick McGinnity,Outs,ret
218,2016,West Coast,Alec Waterman,Outs,del
219,2016,West Coast,Mitch Brown,Outs,del
220,2016,Western Bulldogs,Jed Adcock,Outs,ret
221,2016,Western Bulldogs,Luke Goetz,Outs,del
222,2016,Western Bulldogs,Will Minson,Outs,del
223,2016,Western Bulldogs,Joel Hamling,Outs,trade
224,2016,Western Bulldogs,Nathan Hrovat,Outs,trade
225,2016,Western Bulldogs,Koby Stevens,Outs,trade
226,2017,ADELAIDE,Bryce Gibbs,Ins,trade
227,2017,ADELAIDE,Sam Gibson,Ins,trade
228,2017,BRISBANE,Luke Hodge,Ins,trade
229,2017,BRISBANE,Charlie Cameron,Ins,trade
230,2017,CARLTON,Matthew Lobbe,Ins,trade
231,2017,CARLTON,Matthew Kennedy,Ins,trade
232,2017,CARLTON,Darcy Lang,Ins,trade
233,2017,CARLTON,Aaron Mullett,Ins,FA
234,2017,COLLINGWOOD,Sam Murray,Ins,trade
235,2017,ESSENDON,Devon Smith,Ins,trade
236,2017,ESSENDON,Adam Saad,Ins,trade
237,2017,ESSENDON,Jake Stringer,Ins,trade
238,2017,FREMANTLE,Nathan Wilson,Ins,trade
239,2017,FREMANTLE,Brandon Matera,Ins,trade
240,2017,GEELONG,Gary Ablett,Ins,trade
241,2017,GOLD COAST,Harrison Wigg,Ins,trade
242,2017,GOLD COAST,Aaron Young,Ins,trade
243,2017,GOLD COAST,Lachie Weller,Ins,trade
244,2017,GWS GIANTS,Lachie Keeffe,Ins,FA
245,2017,HAWTHORN,Jarman Impey,Ins,trade
246,2017,MELBOURNE,Jake Lever,Ins,trade
247,2017,MELBOURNE,Harley Balic,Ins,trade
248,2017,NORTH MELBOURNE,Alex Morgan,Ins,FA
249,2017,PORT ADELAIDE,Tom Rockliff,Ins,FA
250,2017,PORT ADELAIDE,Steven Motlop,Ins,FA
251,2017,PORT ADELAIDE,Jack Watts,Ins,trade
252,2017,PORT ADELAIDE,Trent McKenzie,Ins,FA
253,2017,PORT ADELAIDE,Jack Trengove,Ins,FA
254,2017,ST KILDA,Logan Austin,Ins,trade
255,2017,WEST COAST,Brandon Ah Chee,Ins,trade
256,2017,WESTERN BULLDOGS,Jackson Trengove,Ins,FA
257,2017,WESTERN BULLDOGS,Hayden Crozier,Ins,trade
258,2017,WESTERN BULLDOGS,Josh Schache,Ins,trade
259,2017,ADELAIDE,Scott Thompson,Outs,ret
260,2017,ADELAIDE,Dean Gore,Outs,del
261,2017,ADELAIDE,Troy Menzel,Outs,del
262,2017,ADELAIDE,Jake Lever,Outs,trade
263,2017,ADELAIDE,Harrison Wigg,Outs,trade
264,2017,ADELAIDE,Charlie Cameron,Outs,trade
265,2017,ADELAIDE,Jonathan Beech,Outs,del
266,2017,BRISBANE,Josh Clayton,Outs,del
267,2017,BRISBANE,Jonathan Freeman,Outs,del
268,2017,BRISBANE,Blake Grewar,Outs,del
269,2017,BRISBANE,Ryan Harwood,Outs,del
270,2017,BRISBANE,Jarrad Jansen,Outs,del
271,2017,BRISBANE,Tom Rockliff,Outs,FA
272,2017,BRISBANE,Josh Schache,Outs,trade
273,2017,BRISBANE,Michael Close,Outs,del
274,2017,BRISBANE,Claye Beams,Outs,del
275,2017,BRISBANE,Reuben William,Outs,del
276,2017,BRISBANE,Matthew Hammelmann,Outs,del
277,2017,CARLTON,Dennis Armfield,Outs,ret
278,2017,CARLTON,Andrew Gallucci,Outs,del
279,2017,CARLTON,Daniel Gorringe,Outs,ret
280,2017,CARLTON,Kristian Jaksch,Outs,del
281,2017,CARLTON,Matthew Korcheck,Outs,del
282,2017,CARLTON,Liam Sumner,Outs,del
283,2017,CARLTON,Bryce Gibbs,Outs,trade
284,2017,CARLTON,Dylan Buckley,Outs,del
285,2017,CARLTON,Ciaran Sheehan,Outs,del
286,2017,CARLTON,Rhys Palmer,Outs,del
287,2017,CARLTON,Simon White,Outs,del
288,2017,CARLTON,Billie Smedts,Outs,del
289,2017,CARLTON,Blaine Boekhorst,Outs,del
290,2017,COLLINGWOOD,Jesse White,Outs,ret
291,2017,COLLINGWOOD,Lachlan Keefe,Outs,del
292,2017,COLLINGWOOD,Henry Schade,Outs,del
293,2017,COLLINGWOOD,Liam Mackie,Outs,del
294,2017,COLLINGWOOD,Mitch McCarthy,Outs,del
295,2017,COLLINGWOOD,Ben Sinclair,Outs,ret
296,2017,COLLINGWOOD,Jackson Ramsey,Outs,del
297,2017,ESSENDON,Yestin Eades,Outs,ret
298,2017,ESSENDON,Heath Hocking,Outs,del
299,2017,ESSENDON,James Kelly,Outs,ret
300,2017,ESSENDON,Brent Stanton,Outs,ret
301,2017,ESSENDON,Jobe Watson,Outs,ret
302,2017,ESSENDON,Ben Howlett,Outs,del
303,2017,ESSENDON,Craig Bird,Outs,del
304,2017,ESSENDON,Alex Morgan,Outs,del
305,2017,FREMANTLE,Zac Dawson,Outs,ret
306,2017,FREMANTLE,Garrick Ibbotson,Outs,ret
307,2017,FREMANTLE,Shane Yarran,Outs,ret
308,2017,FREMANTLE,Zac Clarke,Outs,del
309,2017,FREMANTLE,Sam Collins,Outs,del
310,2017,FREMANTLE,Josh Deluca,Outs,del
311,2017,FREMANTLE,Jonathon Griffin,Outs,del
312,2017,FREMANTLE,Matthew Uebergang,Outs,del
313,2017,FREMANTLE,Hayden Crozier,Outs,trade
314,2017,FREMANTLE,Harley Balic,Outs,trade
315,2017,FREMANTLE,Lachie Weller,Outs,trade
316,2017,FREMANTLE,Nick Suban,Outs,del
317,2017,GEELONG,Josh Cowan,Outs,del
318,2017,GEELONG,Tom Lonergan,Outs,ret
319,2017,GEELONG,Andrew Mackie,Outs,ret
320,2017,GEELONG,Steven Motlop,Outs,FA
321,2017,GEELONG,Darcy Lang,Outs,trade
322,2017,GEELONG,Tom Ruggles,Outs,del
323,2017,GOLD COAST,Keegan Brooksby,Outs,del
324,2017,GOLD COAST,Ryan Davis,Outs,del
325,2017,GOLD COAST,Jarrad Grant,Outs,del
326,2017,GOLD COAST,Mitch Hallahan,Outs,del
327,2017,GOLD COAST,Cameron Loersch,Outs,del
328,2017,GOLD COAST,Gary Ablett,Outs,trade
,2017,GOLD COAST,Brandon Matera,Outs,trade
329,2017,GOLD COAST,Trent McKenzie,Outs,del
330,2017,GOLD COAST,Mackenzie Willis,Outs,del
331,2017,GOLD COAST,Matt Shaw,Outs,del
332,2017,GOLD COAST,Daniel Currie,Outs,del
333,2017,GWS GIANTS,Tom Downie,Outs,ret
334,2017,GWS GIANTS,Steve Johnson,Outs,ret
335,2017,GWS GIANTS,Tendai Mzungu,Outs,ret
336,2017,GWS GIANTS,Devon Smith,Outs,trade
337,2017,GWS GIANTS,Nathan Wilson,Outs,trade
338,2017,GWS GIANTS,Matthew Kennedy,Outs,trade
339,2017,GWS GIANTS,Shane Mumford,Outs,ret
340,2017,HAWTHORN,Jack Fitzpatrick,Outs,ret
341,2017,HAWTHORN,Josh Gibson,Outs,ret
342,2017,HAWTHORN,Luke Hodge,Outs,trade
343,2017,HAWTHORN,Luke Surman,Outs,ret
344,2017,HAWTHORN,Billy Hartung,Outs,del
345,2017,HAWTHORN,Kade Stewart,Outs,del
346,2017,MELBOURNE,Liam Hulett,Outs,del
347,2017,MELBOURNE,Ben Kennedy,Outs,del
348,2017,MELBOURNE,Heritier Lumumba,Outs,ret
349,2017,MELBOURNE,Jake Spencer,Outs,del
350,2017,MELBOURNE,Jack Trengove,Outs,del
351,2017,MELBOURNE,Mitch White,Outs,del
352,2017,MELBOURNE,Jack Watts,Outs,trade
353,2017,NORTH MELBOURNE,Will Fordham,Outs,del
354,2017,NORTH MELBOURNE,Lachlan Hansen,Outs,del
355,2017,NORTH MELBOURNE,Matthew Taylor,Outs,del
356,2017,NORTH MELBOURNE,Sam Gibson,Outs,trade
357,2017,NORTH MELBOURNE,Aaron Mullett,Outs,del
358,2017,NORTH MELBOURNE,Corey Wagner,Outs,del
359,2017,NORTH MELBOURNE,Lindsay Thomas,Outs,del
360,2017,NORTH MELBOURNE,Andrew Swallow,Outs,ret
361,2017,PORT ADELAIDE,Nathan Krakouer,Outs,ret
362,2017,PORT ADELAIDE,Jackson Trengove,Outs,FA
363,2017,PORT ADELAIDE,Angus Monfries,Outs,ret
364,2017,PORT ADELAIDE,Jarman Impey,Outs,trade
365,2017,PORT ADELAIDE,Brandon Ah Chee,Outs,trade
366,2017,PORT ADELAIDE,Aaron Young,Outs,trade
367,2017,PORT ADELAIDE,Logan Austin,Outs,trade
368,2017,PORT ADELAIDE,Matthew Lobbe,Outs,trade
369,2017,PORT ADELAIDE,Matthew White,Outs,del
370,2017,PORT ADELAIDE,Jesse Palmer,Outs,del
371,2017,PORT ADELAIDE,Brett Eddy,Outs,del
372,2017,RICHMOND,Ivan Maric,Outs,ret
373,2017,RICHMOND,Chris Yarran,Outs,ret
374,2017,RICHMOND,Jake Batchelor,Outs,del
375,2017,RICHMOND,Ben Lennon,Outs,del
376,2017,ST KILDA,Joe Baker-Thomas,Outs,del
377,2017,ST KILDA,Nick Coughlan,Outs,del
378,2017,ST KILDA,Sean Dempster,Outs,ret
379,2017,ST KILDA,Leigh Montagna,Outs,ret
380,2017,ST KILDA,Nick Riewoldt,Outs,ret
381,2017,ST KILDA,Jason Holmes,Outs,del
382,2017,SYDNEY,Shaun Edwards,Outs,ret
383,2017,SYDNEY,Brandon Jack,Outs,del
384,2017,SYDNEY,Tyrone Leonardis,Outs,del
385,2017,SYDNEY,Jeremy Laidler,Outs,ret
386,2017,SYDNEY,Michael Talia,Outs,del
387,2017,SYDNEY,Sam Murray,Outs,trade
388,2017,WEST COAST,Paddy Brophy,Outs,ret
389,2017,WEST COAST,Sam Butler,Outs,ret
390,2017,WEST COAST,Jonathan Giles,Outs,ret
391,2017,WEST COAST,Sam Mitchell,Outs,ret
392,2017,WEST COAST,Drew Petrie,Outs,ret
393,2017,WEST COAST,Matt Priddis,Outs,ret
394,2017,WEST COAST,Simon Tunbridge,Outs,del
395,2017,WEST COAST,Sharrod Wellingham,Outs,del
396,2017,WEST COAST,Josh Hill,Outs,del
397,2017,WEST COAST,Tom Lamb,Outs,del
398,2017,WEST COAST,Tom Gorter,Outs,Gorter
399,2017,WEST COAST,Jordan Snadden,Outs,del
400,2017,WESTERN BULLDOGS,Matthew Boyd,Outs,ret
401,2017,WESTERN BULLDOGS,Declan Hamilton,Outs,del
402,2017,WESTERN BULLDOGS,Robert Murphy,Outs,ret
403,2017,WESTERN BULLDOGS,Josh Prudden,Outs,del
404,2017,WESTERN BULLDOGS,Tristan Tweedie,Outs,del
405,2017,WESTERN BULLDOGS,Jake Stringer,Outs,trade
406,2017,WESTERN BULLDOGS,Stewart Crameri,Outs,del
407,2017,WESTERN BULLDOGS,Travis Cloke,Outs,ret
408,2018,ADELAIDE,Shane McAdam,Ins,trade
409,2018,ADELAIDE,Tyson Stengle,Ins,trade
410,2018,BRISBANE LIONS,Marcus Adams,Ins,trade
411,2018,BRISBANE LIONS,Jarryd Lyons,Ins,DFA
412,2018,BRISBANE LIONS,James Madden,Ins,rookie
413,2018,BRISBANE LIONS,Lincoln McCarthy,Ins,trade
414,2018,BRISBANE LIONS,Lachie Neale,Ins,trade
415,2018,CARLTON,Alex Fasolo,Ins,FA
416,2018,CARLTON,Mitch McGovern,Ins,trade
417,2018,CARLTON,Nic Newman,Ins,trade
418,2018,CARLTON,Matthew Owies,Ins,rookie
419,2018,CARLTON,Will Setterfield,Ins,trade
420,2018,COLLINGWOOD,Dayne Beams,Ins,trade
421,2018,COLLINGWOOD,Jordan Roughead,Ins,trade
422,2018,COLLINGWOOD,Josh Thomas,Ins,rookie
423,2018,ESSENDON,Dylan Shiel,Ins,trade
424,2018,FREMANTLE,Bailey Banfield,Ins,rookie
425,2018,FREMANTLE,Travis Colyer,Ins,trade
426,2018,FREMANTLE,Reece Conca,Ins,FA
427,2018,FREMANTLE,Taylin Duman,Ins,rookie
428,2018,FREMANTLE,Jesse Hogan,Ins,trade
429,2018,FREMANTLE,Rory Lobb,Ins,trade
430,2018,GEELONG,Luke Dahlhaus,Ins,FA
431,2018,GEELONG,Jack Henry,Ins,rookie
432,2018,GEELONG,Nathan Kreuger,Ins,trade
433,2018,GEELONG,Mark O’Connor,Ins,rookie
434,2018,GEELONG,Stefan Okunbor,Ins,rookie
435,2018,GEELONG,Gary Rohan,Ins,trade
436,2018,GOLD COAST,Chris Burgess,Ins,pre-selection
437,2018,GOLD COAST,Sam Collins,Ins,pre-selection
438,2018,GOLD COAST,Josh Corbett,Ins,pre-selection
439,2018,GOLD COAST,Corey Ellis,Ins,trade
440,2018,GOLD COAST,Jack Hombsch,Ins,trade
441,2018,GOLD COAST,George Horlin-Smith,Ins,trade
442,2018,GOLD COAST,Darcy Macpherson,Ins,rookie
443,2018,GOLD COAST,Anthony Miles,Ins,trade
444,2018,GOLD COAST,Jordan Murdoch,Ins,DFA
445,2018,GWS GIANTS,Callum Brown,Ins,rookie
446,2018,GWS GIANTS,Daniel Lloyd,Ins,rookie
447,2018,GWS GIANTS,Tommy Sheridan,Ins,DFA
448,2018,HAWTHORN,James Cousins,Ins,rookie
449,2018,HAWTHORN,Conor Glass,Ins,rookie
450,2018,HAWTHORN,Darren Minchington,Ins,DFA
451,2018,HAWTHORN,David Mirra,Ins,rookie
452,2018,HAWTHORN,Jack Scrimshaw,Ins,trade
453,2018,HAWTHORN,Tom Scully,Ins,trade
454,2018,HAWTHORN,Chad Wingard,Ins,trade
455,2018,MELBOURNE,Kade Kolodjashnij,Ins,trade
456,2018,MELBOURNE,Steven May,Ins,trade
457,2018,MELBOURNE,Corey Maynard,Ins,elevation
458,2018,MELBOURNE,Braydon Preuss,Ins,trade
459,2018,MELBOURNE,Corey Wagner,Ins,SSP
460,2018,MELBOURNE,Guy Walker,Ins,rookie
461,2018,NORTH MELBOURNE,Aaron Hall,Ins,trade
462,2018,NORTH MELBOURNE,Jared Polec,Ins,trade
463,2018,NORTH MELBOURNE,Jasper Pittard,Ins,trade
464,2018,NORTH MELBOURNE,Dom Tyson,Ins,trade
465,2018,PORT ADELAIDE,Ryan Burton,Ins,trade
466,2018,PORT ADELAIDE,Daniel Houston,Ins,rookie
467,2018,PORT ADELAIDE,Scott Lycett,Ins,RFA
468,2018,PORT ADELAIDE,Sam Mayes,Ins,trade
469,2018,RICHMOND,Tom Lynch,Ins,RFA
470,2018,RICHMOND,Callum Moore,Ins,rookie
471,2018,RICHMOND,Maverick Weller,Ins,SSP
472,2018,ST KILDA,Sam Alabakis,Ins,rookie
473,2018,ST KILDA,Dan Hannebery,Ins,trade
474,2018,ST KILDA,Dean Kent,Ins,trade
475,2018,ST KILDA,Rowan Marshall,Ins,rookie
476,2018,SYDNEY,Ryan Clarke,Ins,trade
477,2018,SYDNEY,Robbie Fox,Ins,rookie
478,2018,SYDNEY,Daniel Menzel,Ins,DFA
479,2018,SYDNEY,Jackson Thurlow,Ins,trade
480,2018,WEST COAST,Patrick Bines,Ins,rookie
481,2018,WEST COAST,Keegan Brooksby,Ins,SSP
482,2018,WEST COAST,Tom Hickey,Ins,trade
483,2018,WEST COAST,Brodie Riach,Ins,rookie
484,2018,WESTERN BULLDOGS,Taylor Duryea,Ins,trade
485,2018,WESTERN BULLDOGS,Billy Gowers,Ins,rookie
486,2018,WESTERN BULLDOGS,Bradley Lynch,Ins,rookie
487,2018,WESTERN BULLDOGS,Sam Lloyd,Ins,trade
488,2018,ADELAIDE,Kyle Cheney,Outs,del
489,2018,ADELAIDE,Harry Dear,Outs,del
490,2018,ADELAIDE,Jackson Edwards,Outs,del
491,2018,ADELAIDE,Sam Gibson,Outs,ret
492,2018,ADELAIDE,Curtly Hampton,Outs,ret
493,2018,ADELAIDE,Paul Hunter,Outs,del
494,2018,ADELAIDE,Ben Jarman,Outs,del
495,2018,ADELAIDE,Mitch McGovern,Outs,trade
496,2018,ADELAIDE,Matt Signorello,Outs,trade
497,2018,BRISBANE LIONS,Jake Barrett,Outs,del
498,2018,BRISBANE LIONS,Claye Beams,Outs,del
499,2018,BRISBANE LIONS,Dayne Beams,Outs,trade
500,2018,BRISBANE LIONS,Tom Bell,Outs,del
501,2018,BRISBANE LIONS,Rohan Bewick,Outs,del
502,2018,BRISBANE LIONS,Liam Dawson,Outs,del
503,2018,BRISBANE LIONS,Jack Frost,Outs,ret
504,2018,BRISBANE LIONS,Cian Hanley,Outs,ret
505,2018,BRISBANE LIONS,Sam Mayes,Outs,trade
506,2018,BRISBANE LIONS,Marco Paparone,Outs,del
507,2018,CARLTON,Ciaran Byrne,Outs,ret
508,2018,CARLTON,Jesse Glass-McCasker,Outs,del
509,2018,CARLTON,Nick Graham,Outs,del
510,2018,CARLTON,Sam Kerridge,Outs,del
511,2018,CARLTON,Jed Lamb,Outs,del
512,2018,CARLTON,Cillian McDaid,Outs,ret
513,2018,CARLTON,Aaron Mullett,Outs,del
514,2018,CARLTON,Cameron O’Shea,Outs,del
515,2018,CARLTON,Sam Rowe,Outs,del
516,2018,CARLTON,Matthew Shaw,Outs,del
517,2018,CARLTON,Alex Silvagni,Outs,ret
518,2018,CARLTON,Matthew Wright,Outs,ret
519,2018,COLLINGWOOD,Jarryd Blair,Outs,del
520,2018,COLLINGWOOD,Tim Broomhead,Outs,del
521,2018,COLLINGWOOD,Alex Fasolo,Outs,FA
522,2018,COLLINGWOOD,Kayle Kirby,Outs,ret
523,2018,COLLINGWOOD,Sam McLarty,Outs,del
524,2018,COLLINGWOOD,Sam Murray,Outs,del
525,2018,COLLINGWOOD,Adam Oxley,Outs,del
526,2018,COLLINGWOOD,Josh Smith,Outs,del
527,2018,ESSENDON,Travis Colyer,Outs,trade
528,2018,ESSENDON,Matt Dea,Outs,del
529,2018,ESSENDON,Brendon Goddard,Outs,del
530,2018,ESSENDON,Josh Green,Outs,del
531,2018,ESSENDON,Matthew Leuenberger,Outs,ret
532,2018,ESSENDON,Jackson Merrett,Outs,del
533,2018,FREMANTLE,Michael Apeness,Outs,ret
534,2018,FREMANTLE,Brady Grey,Outs,del
535,2018,FREMANTLE,Ethan Hughes,Outs,del
536,2018,FREMANTLE,Michael Johnson,Outs,ret
537,2018,FREMANTLE,Lachie Neale,Outs,trade
538,2018,FREMANTLE,Ryan Nyhuis,Outs,del
539,2018,FREMANTLE,Danyle Pearce,Outs,ret
540,2018,FREMANTLE,Tommy Sheridan,Outs,del
541,2018,FREMANTLE,Lee Spurr,Outs,ret
542,2018,FREMANTLE,Luke Strnadica,Outs,del
543,2018,FREMANTLE,Cam Sutcliffe,Outs,del
544,2018,GEELONG,Aaron Black,Outs,del
545,2018,GEELONG,Stewart Crameri,Outs,del
546,2018,GEELONG,Ryan Gardner,Outs,del
547,2018,GEELONG,Cory Gregson,Outs,del
548,2018,GEELONG,Matthew Hayball,Outs,del
549,2018,GEELONG,George Horlin-Smith,Outs,trade
550,2018,GEELONG,Timm House,Outs,del
551,2018,GEELONG,Daniel Menzel,Outs,del
552,2018,GEELONG,Lincoln McCarthy,Outs,trade
553,2018,GEELONG,Jordan Murdoch,Outs,del
554,2018,GEELONG,Jackson Thurlow,Outs,trade
555,2018,GOLD COAST,Michael Barlow,Outs,del
556,2018,GOLD COAST,Aaron Hall,Outs,trade
557,2018,GOLD COAST,Josh Jaska,Outs,del
558,2018,GOLD COAST,Kade Kolodjashnij,Outs,trade
559,2018,GOLD COAST,Jack Leslie,Outs,del
560,2018,GOLD COAST,Jesse Lonergan,Outs,del
561,2018,GOLD COAST,Tom Lynch,Outs,RFA
562,2018,GOLD COAST,Jarryd Lyons,Outs,del
563,2018,GOLD COAST,Steven May,Outs,trade
564,2018,GOLD COAST,Michael Rischitelli,Outs,del
565,2018,GOLD COAST,Matt Rosa,Outs,ret
566,2018,GOLD COAST,Brad Scheer,Outs,del
567,2018,GOLD COAST,Jack Scrimshaw,Outs,trade
568,2018,GOLD COAST,Max Spencer,Outs,del
569,2018,GOLD COAST,Harrison Wigg,Outs,del
570,2018,GOLD COAST,Mackenzie Willis,Outs,del
571,2018,GWS GIANTS,Ryan Griffen,Outs,ret
572,2018,GWS GIANTS,Rory Lobb,Outs,trade
573,2018,GWS GIANTS,Tim Mohr,Outs,del
574,2018,GWS GIANTS,Tom Scully,Outs,trade
575,2018,GWS GIANTS,Will Setterfield,Outs,trade
576,2018,GWS GIANTS,Dylan Shiel,Outs,trade
577,2018,GWS GIANTS,Lachie Tiziani,Outs,del
578,2018,HAWTHORN,Ryan Burton,Outs,trade
579,2018,HAWTHORN,Taylor Duryea,Outs,trade
580,2018,HAWTHORN, Kurt Heatherley,Outs,del
581,2018,HAWTHORN,Will Langford,Outs,del
582,2018,HAWTHORN,Kieran Lovell,Outs,del
583,2018,HAWTHORN,Jonathan O’Rourke,Outs,del
584,2018,HAWTHORN,Cyril Rioli,Outs,ret
585,2018,HAWTHORN,Ty Vickery,Outs,ret
586,2018,HAWTHORN,Brendan Whitecross,Outs,del
587,2018,HAWTHORN,Dallas Willsmore,Outs,del
588,2018,MELBOURNE,Harley Balic,Outs,ret
589,2018,MELBOURNE,Tom Bugg,Outs,del
590,2018,MELBOURNE,Lochie Filipovic,Outs,del
591,2018,MELBOURNE,Jesse Hogan,Outs,trade
592,2018,MELBOURNE,Dion Johnstone,Outs,del
593,2018,MELBOURNE,Dean Kent,Outs,trade
594,2018,MELBOURNE,Mitch King,Outs,del
595,2018,MELBOURNE,Pat McKenna,Outs,del
596,2018,MELBOURNE,Cameron Pedersen,Outs,del
597,2018,MELBOURNE,Dom Tyson,Outs,trade
598,2018,MELBOURNE,Bernie Vince,Outs,ret
599,2018,NORTH MELBOURNE,Ryan Clarke,Outs,trade
600,2018,NORTH MELBOURNE,Billy Hartung,Outs,del
601,2018,NORTH MELBOURNE,Tom Jeffries,Outs,del
602,2018,NORTH MELBOURNE,Mitch Hibberd,Outs,del
603,2018,NORTH MELBOURNE,Oscar Junker,Outs,del
604,2018,NORTH MELBOURNE,Alex Morgan,Outs,del
605,2018,NORTH MELBOURNE,Declan Mountford,Outs,del
606,2018,NORTH MELBOURNE,Gordon Narrier,Outs,del
607,2018,NORTH MELBOURNE,Daniel Nielson,Outs,del
608,2018,NORTH MELBOURNE,Braydon Preuss,Outs,trade
609,2018,NORTH MELBOURNE,Josh Williams,Outs,del
610,2018,NORTH MELBOURNE,Jarrad Waite,Outs,ret
611,2018,PORT ADELAIDE,Dom Barry,Outs,del
612,2018,PORT ADELAIDE,Cam Hewett,Outs,del
613,2018,PORT ADELAIDE,Jack Hombsch,Outs,trade
614,2018,PORT ADELAIDE,Emmanuel Irra,Outs,del
615,2018,PORT ADELAIDE,Jake Neade,Outs,del
616,2018,PORT ADELAIDE,Jasper Pittard,Outs,trade
617,2018,PORT ADELAIDE,Jared Polec,Outs,trade
618,2018,PORT ADELAIDE,Will Snelling,Outs,del
619,2018,PORT ADELAIDE,Lindsay Thomas,Outs,ret
620,2018,PORT ADELAIDE,Jimmy Toumpas,Outs,del
621,2018,PORT ADELAIDE,Chad Wingard,Outs,trade
622,2018,RICHMOND,Mabior Chol,Outs,del
623,2018,RICHMOND,Reece Conca,Outs,FA
624,2018,RICHMOND,Nathan Drummond,Outs,del
625,2018,RICHMOND,Corey Ellis,Outs,trade
626,2018,RICHMOND,Ben Griffiths,Outs,ret
627,2018,RICHMOND,Shaun Hampson,Outs,ret
628,2018,RICHMOND,Sam Lloyd,Outs,trade
629,2018,RICHMOND,Anthony Miles,Outs,trade
630,2018,RICHMOND,Tyson Stengle,Outs,trade
631,2018,RICHMOND,Jacob Townsend,Outs,del
632,2018,ST KILDA,Ray Connellan,Outs,del
633,2018,ST KILDA,Nathan Freeman,Outs,del
634,2018,ST KILDA,Sam Gilbert,Outs,del
635,2018,ST KILDA,Hugh Goddard,Outs,del
636,2018,ST KILDA,Tom Hickey,Outs,trade
637,2018,ST KILDA,Darren Minchington,Outs,del
638,2018,ST KILDA,Koby Stevens,Outs,ret
639,2018,ST KILDA,Maverick Weller,Outs,del
640,2018,ST KILDA,Nathan Wright,Outs,del
641,2018,SYDNEY,Jake Brown,Outs,del
642,2018,SYDNEY,Jordan Foote,Outs,del
643,2018,SYDNEY,Dan Hannebery,Outs,trade
644,2018,SYDNEY,Alex Johnson,Outs,del
645,2018,SYDNEY,Harry Marsh,Outs,del
646,2018,SYDNEY,Nic Newman,Outs,trade
647,2018,SYDNEY,Daniel Robinson,Outs,del
648,2018,SYDNEY,Gary Rohan,Outs,trade
649,2018,SYDNEY,Angus Styles,Outs,del
650,2018,SYDNEY,Kurt Tippett,Outs,ret
651,2018,SYDNEY,Dean Towers,Outs,del
652,2018,WEST COAST,Tarir Bayok,Outs,del
653,2018,WEST COAST,Ryan Burrows,Outs,del
654,2018,WEST COAST,Callan England,Outs,del
655,2018,WEST COAST,Malcolm Karpany,Outs,del
656,2018,WEST COAST,Mark LeCras,Outs,ret
657,2018,WEST COAST,Scott Lycett,Outs,RFA
658,2018,WEST COAST,Eric Mackenzie,Outs,ret
659,2018,WEST COAST,Tony Olango,Outs,del
660,2018,WEST COAST,Luke Partington,Outs,del
661,2018,WESTERN BULLDOGS,Marcus Adams,Outs,trade
662,2018,WESTERN BULLDOGS,Shane Biggs,Outs,ret
663,2018,WESTERN BULLDOGS,Tom Campbell,Outs,del
664,2018,WESTERN BULLDOGS,Kieran Collins,Outs,del
665,2018,WESTERN BULLDOGS,Luke Dahlhaus,Outs,FA
666,2018,WESTERN BULLDOGS,Mitch Honeychurch,Outs,del
667,2018,WESTERN BULLDOGS,Nathan Mullenger-McHugh,Outs,del
668,2018,WESTERN BULLDOGS,Jack Redpath,Outs,ret
669,2018,WESTERN BULLDOGS,Jordan Roughead,Outs,trade
670,2018,WESTERN BULLDOGS,Clay Smith,Outs,ret